{
  "$schema": "https://schema.management.azure.com/schemas/2015-01-01/deploymentParameters.json#",
  "contentVersion": "1.0.0.0",
  "parameters": {
    "vnetOption": {
      "value": "Create new VNET"
    },
    "vnetResourceGroup": {
      "value": ""
    },
    "vnetName": {
      "value": "vmseries-vnet"
    },
    "vnetPrefix": {
      "value": "10.0.0.0/16"
    },
    "subnetName-Management": {
      "value": "mgmt-subnet"
    },
    "subnetName-Dataplane1": {
      "value": "untrust-subnet"
    },
    "subnetName-Dataplane2": {
      "value": "trust-subnet"
    },
    "subnetName-InternalLB": {
      "value": "lb-subnet"
    },
    "subnetPrefix-Management": {
      "value": "10.0.0.0/24"
    },
    "subnetPrefix-Dataplane1": {
      "value": "10.0.1.0/24"
    },
    "subnetPrefix-Dataplane2": {
      "value": "10.0.2.0/24"
    },
    "subnetPrefix-InternalLB": {
      "value": "10.0.3.0/24"
    },
    "publicLBName": {
      "value": "vmseries-public-lb"
    },
    "publicLBAllowedPorts": {
      "value": "80, 443, 22, 3389"
    },
    "internalLBName": {
      "value": "vmseries-internal-lb"
    },
    "internalLBAddress": {
      "value": "10.0.3.100"
    },
    "healthProbePort": {
      "value": "22"
    },
    "fW1-Name": {
      "value": "vmseries-fw-vm1"
    },
    "fW1-Zone": {
      "value": "1"
    },
    "fW1-IPManagement": {
      "value": "10.0.0.4"
    },
    "fW1-IPDataplane1": {
      "value": "10.0.1.4"
    },
    "fW1-IPDataplane2": {
      "value": "10.0.2.4"
    },
    "fW2-Name": {
      "value": "vmseries-fw-vm2"
    },
    "fW2-Zone": {
      "value": "2"
    },
    "fW2-IPManagement": {
      "value": "10.0.0.5"
    },
    "fW2-IPDataplane1": {
      "value": "10.0.1.5"
    },
    "fW2-IPDataplane2": {
      "value": "10.0.2.5"
    },
    "licenseType": {
      "value": "byol"
    },
    "panosVersion": {
      "value": "latest"
    },
    "vmSize": {
      "value": "Standard_DS3_v2"
    },
    "osDiskType": {
      "value": "Standard_LRS"
    },
    "availabilitySetOption": {
      "value": "Create new availability set"
    },
    "availabilitySetName": {
      "value": "vmseries-fw-as"
    },
    "acceleratedNetworking": {
      "value": "disable"
    },
    "applyPublicIPToManagement": {
      "value": "Yes"
    },
    "applyPublicIPToDataplane1": {
      "value": "Yes"
    },
    "nsgName": {
      "value": "vmseries-nsg"
    },
    "nsgSourcePrefix": {
      "value": "0.0.0.0/0"
    },
    "username": {
      "value": "paloalto"
    },
    "password": {
      "value": null
    },
    "optional-BootstrapStorageAccount": {
      "value": ""
    },
    "optional-BootstrapAccessKey": {
      "value": null
    },
    "optional-BootstrapFileShareName": {
      "value": ""
    },
    "optional-BootstrapShareDirectory": {
      "value": ""
    },
    "optional-AppendStringToResources": {
      "value": ""
    }
  }
}
